columns,0num->selected
col,0.0
col_1,0.0
col_2,0.0
col_3,0.006027478482071424
col_4,0.0
col_11,0.0
col_12,0.0
col_13,0.0
col_14,0.00616632475759724
col_15,0.0
col_16,0.0
col_17,0.0
col_42,0.0
col_43,0.00015147677899885059
col_44,0.0
col_45,0.0
col_46,0.0
col_47,0.003573665812430812
col_48,0.0
col_49,0.006337331582878659
col_50,0.0
col_51,0.0
